{
  "Get Paginated Products" : {
    "transaction" : "Get Paginated Products",
    "sampleCount" : 30,
    "errorCount" : 0,
    "errorPct" : 0.0,
    "meanResTime" : 544.5333333333333,
    "medianResTime" : 513.0,
    "minResTime" : 472.0,
    "maxResTime" : 971.0,
    "pct1ResTime" : 661.0000000000001,
    "pct2ResTime" : 807.6499999999997,
    "pct3ResTime" : 971.0,
    "throughput" : 0.25815334308579296,
    "receivedKBytesPerSec" : 0.1371439635143275,
    "sentKBytesPerSec" : 0.25538021147061357
  },
  "Total" : {
    "transaction" : "Total",
    "sampleCount" : 60,
    "errorCount" : 0,
    "errorPct" : 0.0,
    "meanResTime" : 602.9500000000002,
    "medianResTime" : 608.0,
    "minResTime" : 472.0,
    "maxResTime" : 1039.0,
    "pct1ResTime" : 684.5,
    "pct2ResTime" : 880.5499999999996,
    "pct3ResTime" : 1039.0,
    "throughput" : 0.5079193085525147,
    "receivedKBytesPerSec" : 0.4017721093042352,
    "sentKBytesPerSec" : 0.41838861012113876
  },
  "Auth Login" : {
    "transaction" : "Auth Login",
    "sampleCount" : 30,
    "errorCount" : 0,
    "errorPct" : 0.0,
    "meanResTime" : 661.3666666666666,
    "medianResTime" : 632.5,
    "minResTime" : 601.0,
    "maxResTime" : 1039.0,
    "pct1ResTime" : 785.6000000000003,
    "pct2ResTime" : 954.3,
    "pct3ResTime" : 1039.0,
    "throughput" : 0.25730753396459444,
    "receivedKBytesPerSec" : 0.27037393217373407,
    "sentKBytesPerSec" : 0.16936062294153972
  }
}