{
  "Get Paginated Products" : {
    "transaction" : "Get Paginated Products",
    "sampleCount" : 3696,
    "errorCount" : 0,
    "errorPct" : 0.0,
    "meanResTime" : 660.579545454546,
    "medianResTime" : 589.0,
    "minResTime" : 446.0,
    "maxResTime" : 2651.0,
    "pct1ResTime" : 923.3000000000002,
    "pct2ResTime" : 1311.5999999999985,
    "pct3ResTime" : 1999.2999999999975,
    "throughput" : 6.206663767088897,
    "receivedKBytesPerSec" : 169.21706919911617,
    "sentKBytesPerSec" : 6.129408128760565
  },
  "Total" : {
    "transaction" : "Total",
    "sampleCount" : 14754,
    "errorCount" : 1,
    "errorPct" : 0.006777823,
    "meanResTime" : 718.2027924630619,
    "medianResTime" : 622.0,
    "minResTime" : 440.0,
    "maxResTime" : 4823.0,
    "pct1ResTime" : 1089.0,
    "pct2ResTime" : 1534.0,
    "pct3ResTime" : 2174.350000000002,
    "throughput" : 24.5639213035494,
    "receivedKBytesPerSec" : 412.41200780639974,
    "sentKBytesPerSec" : 24.777499892822124
  },
  "Auth Login" : {
    "transaction" : "Auth Login",
    "sampleCount" : 3705,
    "errorCount" : 0,
    "errorPct" : 0.0,
    "meanResTime" : 563.2485829959519,
    "medianResTime" : 461.0,
    "minResTime" : 440.0,
    "maxResTime" : 4035.0,
    "pct1ResTime" : 786.2000000000003,
    "pct2ResTime" : 1251.6999999999998,
    "pct3ResTime" : 1839.5800000000004,
    "throughput" : 6.171163593299498,
    "receivedKBytesPerSec" : 6.484542994521738,
    "sentKBytesPerSec" : 5.250918621631885
  },
  "View My Orders" : {
    "transaction" : "View My Orders",
    "sampleCount" : 3673,
    "errorCount" : 0,
    "errorPct" : 0.0,
    "meanResTime" : 802.7010618023417,
    "medianResTime" : 637.0,
    "minResTime" : 468.0,
    "maxResTime" : 4823.0,
    "pct1ResTime" : 1486.3999999999996,
    "pct2ResTime" : 1812.2999999999997,
    "pct3ResTime" : 2366.2599999999998,
    "throughput" : 6.207894318754162,
    "receivedKBytesPerSec" : 237.33644204722341,
    "sentKBytesPerSec" : 6.1897071283671865
  },
  "Create Order" : {
    "transaction" : "Create Order",
    "sampleCount" : 3680,
    "errorCount" : 1,
    "errorPct" : 0.027173912,
    "meanResTime" : 847.745923913043,
    "medianResTime" : 727.0,
    "minResTime" : 697.0,
    "maxResTime" : 3166.0,
    "pct1ResTime" : 1115.0,
    "pct2ResTime" : 1610.5499999999984,
    "pct3ResTime" : 2190.76,
    "throughput" : 6.198834349627734,
    "receivedKBytesPerSec" : 4.423339893099586,
    "sentKBytesPerSec" : 7.441193717784591
  }
}