{
  "Get Paginated Products" : {
    "transaction" : "Get Paginated Products",
    "sampleCount" : 357,
    "errorCount" : 0,
    "errorPct" : 0.0,
    "meanResTime" : 567.1932773109246,
    "medianResTime" : 590.0,
    "minResTime" : 455.0,
    "maxResTime" : 840.0,
    "pct1ResTime" : 615.0,
    "pct2ResTime" : 631.3999999999999,
    "pct3ResTime" : 742.0400000000002,
    "throughput" : 1.1965852072572725,
    "receivedKBytesPerSec" : 32.65708283859674,
    "sentKBytesPerSec" : 1.1817116866488575
  },
  "Total" : {
    "transaction" : "Total",
    "sampleCount" : 1418,
    "errorCount" : 0,
    "errorPct" : 0.0,
    "meanResTime" : 596.1318758815232,
    "medianResTime" : 599.0,
    "minResTime" : 446.0,
    "maxResTime" : 916.0,
    "pct1ResTime" : 733.0,
    "pct2ResTime" : 749.0,
    "pct3ResTime" : 845.0499999999997,
    "throughput" : 4.720702845405305,
    "receivedKBytesPerSec" : 79.53932651541885,
    "sentKBytesPerSec" : 4.759709556510275
  },
  "Auth Login" : {
    "transaction" : "Auth Login",
    "sampleCount" : 357,
    "errorCount" : 0,
    "errorPct" : 0.0,
    "meanResTime" : 477.8011204481794,
    "medianResTime" : 464.0,
    "minResTime" : 446.0,
    "maxResTime" : 752.0,
    "pct1ResTime" : 510.79999999999995,
    "pct2ResTime" : 592.8999999999996,
    "pct3ResTime" : 669.8400000000008,
    "throughput" : 1.1958557067775206,
    "receivedKBytesPerSec" : 1.2565827543873165,
    "sentKBytesPerSec" : 1.0141390781024415
  },
  "View My Orders" : {
    "transaction" : "View My Orders",
    "sampleCount" : 351,
    "errorCount" : 0,
    "errorPct" : 0.0,
    "meanResTime" : 603.4216524216528,
    "medianResTime" : 607.0,
    "minResTime" : 464.0,
    "maxResTime" : 908.0,
    "pct1ResTime" : 659.8,
    "pct2ResTime" : 704.1999999999999,
    "pct3ResTime" : 816.9200000000001,
    "throughput" : 1.197376006768074,
    "receivedKBytesPerSec" : 46.1241881040182,
    "sentKBytesPerSec" : 1.1938680692482457
  },
  "Create Order" : {
    "transaction" : "Create Order",
    "sampleCount" : 353,
    "errorCount" : 0,
    "errorPct" : 0.0,
    "meanResTime" : 737.8215297450422,
    "medianResTime" : 728.0,
    "minResTime" : 706.0,
    "maxResTime" : 916.0,
    "pct1ResTime" : 771.0,
    "pct2ResTime" : 816.0,
    "pct3ResTime" : 882.2399999999991,
    "throughput" : 1.1950262533387952,
    "receivedKBytesPerSec" : 0.855529858094864,
    "sentKBytesPerSec" : 1.4368435871861363
  }
}