{
  "Get Paginated Products" : {
    "transaction" : "Get Paginated Products",
    "sampleCount" : 50,
    "errorCount" : 0,
    "errorPct" : 0.0,
    "meanResTime" : 654.36,
    "medianResTime" : 641.5,
    "minResTime" : 599.0,
    "maxResTime" : 903.0,
    "pct1ResTime" : 727.3,
    "pct2ResTime" : 830.2499999999998,
    "pct3ResTime" : 903.0,
    "throughput" : 0.16986638310305113,
    "receivedKBytesPerSec" : 4.634595247690667,
    "sentKBytesPerSec" : 0.167746371017058
  },
  "Total" : {
    "transaction" : "Total",
    "sampleCount" : 200,
    "errorCount" : 0,
    "errorPct" : 0.0,
    "meanResTime" : 691.3099999999994,
    "medianResTime" : 652.5,
    "minResTime" : 576.0,
    "maxResTime" : 1188.0,
    "pct1ResTime" : 825.0,
    "pct2ResTime" : 867.9,
    "pct3ResTime" : 1123.7400000000011,
    "throughput" : 0.6663779029087396,
    "receivedKBytesPerSec" : 11.239332096716423,
    "sentKBytesPerSec" : 0.6392444784343452
  },
  "Auth Login" : {
    "transaction" : "Auth Login",
    "sampleCount" : 50,
    "errorCount" : 0,
    "errorPct" : 0.0,
    "meanResTime" : 640.1199999999998,
    "medianResTime" : 617.0,
    "minResTime" : 576.0,
    "maxResTime" : 952.0,
    "pct1ResTime" : 737.8,
    "pct2ResTime" : 826.7499999999997,
    "pct3ResTime" : 952.0,
    "throughput" : 0.16974182268769203,
    "receivedKBytesPerSec" : 0.17836152462105137,
    "sentKBytesPerSec" : 0.11172459813623478
  },
  "View My Orders" : {
    "transaction" : "View My Orders",
    "sampleCount" : 50,
    "errorCount" : 0,
    "errorPct" : 0.0,
    "meanResTime" : 676.2999999999998,
    "medianResTime" : 643.5,
    "minResTime" : 606.0,
    "maxResTime" : 1188.0,
    "pct1ResTime" : 746.6,
    "pct2ResTime" : 985.8499999999989,
    "pct3ResTime" : 1188.0,
    "throughput" : 0.17020986876819116,
    "receivedKBytesPerSec" : 6.54023774595326,
    "sentKBytesPerSec" : 0.16971120704328438
  },
  "Create Order" : {
    "transaction" : "Create Order",
    "sampleCount" : 50,
    "errorCount" : 0,
    "errorPct" : 0.0,
    "meanResTime" : 794.46,
    "medianResTime" : 776.5,
    "minResTime" : 727.0,
    "maxResTime" : 999.0,
    "pct1ResTime" : 861.8,
    "pct2ResTime" : 903.0499999999998,
    "pct3ResTime" : 999.0,
    "throughput" : 0.1699859251653963,
    "receivedKBytesPerSec" : 0.12002931938485494,
    "sentKBytesPerSec" : 0.20302029929421844
  }
}