{
  "Get Paginated Products" : {
    "transaction" : "Get Paginated Products",
    "sampleCount" : 2854,
    "errorCount" : 0,
    "errorPct" : 0.0,
    "meanResTime" : 918.6303433777141,
    "medianResTime" : 840.0,
    "minResTime" : 454.0,
    "maxResTime" : 5368.0,
    "pct1ResTime" : 1392.0,
    "pct2ResTime" : 1774.5,
    "pct3ResTime" : 2713.249999999999,
    "throughput" : 8.739347580450072,
    "receivedKBytesPerSec" : 238.2933699740713,
    "sentKBytesPerSec" : 8.630665533164507
  },
  "Total" : {
    "transaction" : "Total",
    "sampleCount" : 11280,
    "errorCount" : 2,
    "errorPct" : 0.017730497,
    "meanResTime" : 1083.226063829791,
    "medianResTime" : 920.5,
    "minResTime" : 201.0,
    "maxResTime" : 5734.0,
    "pct1ResTime" : 1774.0,
    "pct2ResTime" : 2265.949999999999,
    "pct3ResTime" : 3288.660000000007,
    "throughput" : 34.15759734006795,
    "receivedKBytesPerSec" : 568.5565629457067,
    "sentKBytesPerSec" : 34.3525851413316
  },
  "Auth Login" : {
    "transaction" : "Auth Login",
    "sampleCount" : 2875,
    "errorCount" : 0,
    "errorPct" : 0.0,
    "meanResTime" : 826.4716521739127,
    "medianResTime" : 742.0,
    "minResTime" : 560.0,
    "maxResTime" : 5734.0,
    "pct1ResTime" : 1160.0,
    "pct2ResTime" : 1387.1999999999998,
    "pct3ResTime" : 2068.399999999998,
    "throughput" : 8.705947903607745,
    "receivedKBytesPerSec" : 9.148046820587826,
    "sentKBytesPerSec" : 7.341947064430071
  },
  "View My Orders" : {
    "transaction" : "View My Orders",
    "sampleCount" : 2753,
    "errorCount" : 1,
    "errorPct" : 0.03632401,
    "meanResTime" : 1265.775517617145,
    "medianResTime" : 1145.0,
    "minResTime" : 201.0,
    "maxResTime" : 4852.0,
    "pct1ResTime" : 2119.2,
    "pct2ResTime" : 2542.8999999999965,
    "pct3ResTime" : 3397.3,
    "throughput" : 8.617343616967997,
    "receivedKBytesPerSec" : 328.42242373255715,
    "sentKBytesPerSec" : 8.592097493090161
  },
  "Create Order" : {
    "transaction" : "Create Order",
    "sampleCount" : 2798,
    "errorCount" : 1,
    "errorPct" : 0.035739813,
    "meanResTime" : 1335.322730521802,
    "medianResTime" : 1130.0,
    "minResTime" : 336.0,
    "maxResTime" : 5254.0,
    "pct1ResTime" : 2171.0,
    "pct2ResTime" : 2799.0,
    "pct3ResTime" : 4269.479999999989,
    "throughput" : 8.694355194550958,
    "receivedKBytesPerSec" : 6.198272999995339,
    "sentKBytesPerSec" : 10.429462217386847
  }
}