{
  "Get Paginated Products" : {
    "transaction" : "Get Paginated Products",
    "sampleCount" : 5668,
    "errorCount" : 0,
    "errorPct" : 0.0,
    "meanResTime" : 658.9167254763618,
    "medianResTime" : 591.0,
    "minResTime" : 447.0,
    "maxResTime" : 4321.0,
    "pct1ResTime" : 890.3000000000011,
    "pct2ResTime" : 1355.6500000000005,
    "pct3ResTime" : 2123.3100000000004,
    "throughput" : 4.630151533717274,
    "receivedKBytesPerSec" : 126.27390131034798,
    "sentKBytesPerSec" : 4.5724735977515
  },
  "Total" : {
    "transaction" : "Total",
    "sampleCount" : 22595,
    "errorCount" : 1,
    "errorPct" : 0.004425758,
    "meanResTime" : 725.6025669395934,
    "medianResTime" : 617.0,
    "minResTime" : 447.0,
    "maxResTime" : 4535.0,
    "pct1ResTime" : 1011.9000000000015,
    "pct2ResTime" : 1434.9500000000007,
    "pct3ResTime" : 2150.9600000000064,
    "throughput" : 18.40346387480269,
    "receivedKBytesPerSec" : 307.7833814066473,
    "sentKBytesPerSec" : 18.545557863398162
  },
  "Auth Login" : {
    "transaction" : "Auth Login",
    "sampleCount" : 5710,
    "errorCount" : 0,
    "errorPct" : 0.0,
    "meanResTime" : 671.0168126094569,
    "medianResTime" : 596.0,
    "minResTime" : 556.0,
    "maxResTime" : 3453.0,
    "pct1ResTime" : 813.0,
    "pct2ResTime" : 1161.249999999999,
    "pct3ResTime" : 1843.1200000000026,
    "throughput" : 4.650753650149297,
    "receivedKBytesPerSec" : 4.88692473394594,
    "sentKBytesPerSec" : 3.945628815898573
  },
  "View My Orders" : {
    "transaction" : "View My Orders",
    "sampleCount" : 5585,
    "errorCount" : 0,
    "errorPct" : 0.0,
    "meanResTime" : 742.6914950760948,
    "medianResTime" : 619.0,
    "minResTime" : 463.0,
    "maxResTime" : 4000.0,
    "pct1ResTime" : 1141.4000000000005,
    "pct2ResTime" : 1592.6999999999998,
    "pct3ResTime" : 2376.4000000000033,
    "throughput" : 4.576870944531766,
    "receivedKBytesPerSec" : 174.7885145085682,
    "sentKBytesPerSec" : 4.563462142936458
  },
  "Create Order" : {
    "transaction" : "Create Order",
    "sampleCount" : 5632,
    "errorCount" : 1,
    "errorPct" : 0.017755682,
    "meanResTime" : 831.110085227271,
    "medianResTime" : 727.0,
    "minResTime" : 473.0,
    "maxResTime" : 4535.0,
    "pct1ResTime" : 1097.0,
    "pct2ResTime" : 1457.699999999999,
    "pct3ResTime" : 2165.67,
    "throughput" : 4.615027848317014,
    "receivedKBytesPerSec" : 3.291542516671296,
    "sentKBytesPerSec" : 5.538646709866998
  }
}